{"cameraMode":{"drawMode":0,"name":"Shaded","section":"Shading Mode"},"sceneLighting":false,"audioPlay":false,"sceneViewState":{"m_AlwaysRefresh":false,"showFog":true,"showSkybox":false,"showFlares":true,"showImageEffects":true,"showParticleSystems":true,"showVisualEffectGraphs":true,"m_FxEnabled":true},"in2DMode":false,"pivot":{"x":-0.23555541038513184,"y":-1.3461742401123047,"z":13.826496124267579},"rotation":{"x":-0.3674006760120392,"y":0.014211999252438546,"z":-0.005651478189975023,"w":-0.930069625377655},"size":1.6007810831069947,"orthographic":false}