{"cameraMode":{"drawMode":0,"name":"Shaded","section":"Shading Mode"},"sceneLighting":false,"audioPlay":false,"sceneViewState":{"m_AlwaysRefresh":false,"showFog":true,"showSkybox":false,"showFlares":true,"showImageEffects":true,"showParticleSystems":true,"showVisualEffectGraphs":true,"m_FxEnabled":true},"in2DMode":false,"pivot":{"x":-0.8309178352355957,"y":0.8299999237060547,"z":13.300000190734864},"rotation":{"x":-0.3995215892791748,"y":0.01401100680232048,"z":-0.006131806876510382,"w":-0.9166839122772217},"size":2.5617377758026125,"orthographic":false}